id;date;title;text;views;time_to_read_sec;link;comments_link;channel
native:69e8b4196099ff6265652276;14 часов назад;Учимся бороться с подделками;28 мая 2026 года в Астане пройдёт XIV Международный форум «Антиконтрафакт-2026». И вы можете стать его частью. Форум пройдёт в смешанном формате: – Очно на площадке Международного финансового центра «Астана»...;0;31;https://dzen.ru/a/aei0GWCZ_2JlZSJ2?feed_exp=ordinary_feed&from=channel&integration=yandex&place=more&secdata=CLam%2F5rcMyABUA9qAQGQAQA%3D&rid=2623975490.1412.1777148791259.51168&;https://dzen.ru/a/aei0GWCZ_2JlZSJ2?feed_exp=ordinary_feed&from=channel&rid=2623975490.1412.1777148791259.51168&integration=yandex&place=more&secdata=CLam%2F5rcMyABUA9qAQGQAQA%3D&#comments_data=p_root;ДЕПАРТАМЕНТ МОЛОДЕЖНОЙ ПОЛИТИКИ СВЕРДЛОВСКОЙ ОБЛАСТИ
native:69ea125b4ce9671d75db92a3;2 дня назад;«Родные – Любимые»: всей семьёй на форум в Мордовию;С 7 по 10 июля форум объединит около 1000 участников: более 250 семей со всей страны и Абхазии. Регистрируйтесь до 18 мая, и, возможно, именно ваша семья представит Свердловскую область на всероссийском мероприятии: clck...;0;29;https://dzen.ru/a/aeoSW0zpZx1125Kj?feed_exp=ordinary_feed&from=channel&integration=yandex&place=more&secdata=CNft3vDbMyABUA9qAQGQAQA%3D&rid=2623975490.1412.1777148791259.51168&;https://dzen.ru/a/aeoSW0zpZx1125Kj?feed_exp=ordinary_feed&from=channel&rid=2623975490.1412.1777148791259.51168&integration=yandex&place=more&secdata=CNft3vDbMyABUA9qAQGQAQA%3D&#comments_data=p_root;ДЕПАРТАМЕНТ МОЛОДЕЖНОЙ ПОЛИТИКИ СВЕРДЛОВСКОЙ ОБЛАСТИ
native:69eaef9fe442184bc755f4ba;2 дня назад;Свердловчан приглашают принять участие в акции «Бессмертный полк»;В Свердловской области стартовал приём заявок на участие в акции «Бессмертный полк». Губернатор Денис Паслер сообщил, что 9 мая традиционное шествие с портретами героев в очном формате пройдёт в городах трудовой доблести – Екатеринбурге, Каменске-Уральском, Верхней Пышме и Нижнем Тагиле. Для жителей других населённых пунктов организован онлайн-формат: заявки принимаются до 6 мая на сайте 2026.polkrf.ru. Увидеть портреты своих ветеранов в едином цифровом строю можно будет 9 мая в 12:00 по местному времени...;0;89;https://dzen.ru/a/aervn-RCGEvHVfS6?feed_exp=ordinary_feed&from=channel&integration=yandex&place=more&secdata=CNOT5u3bMyABUA9qAQGQAQA%3D&rid=2623975490.1412.1777148791259.51168&;https://dzen.ru/a/aervn-RCGEvHVfS6?feed_exp=ordinary_feed&from=channel&rid=2623975490.1412.1777148791259.51168&integration=yandex&place=more&secdata=CNOT5u3bMyABUA9qAQGQAQA%3D&#comments_data=p_root;ДЕПАРТАМЕНТ МОЛОДЕЖНОЙ ПОЛИТИКИ СВЕРДЛОВСКОЙ ОБЛАСТИ
native:69e9c2b5d77a4c478c1e0de3;3 дня назад;Движение Первых создаёт сеть активных лидеров студенческого сообщества;Движение Первых запустило новый сезон Всероссийского конкурса «Первый студенческий». Проект создан для активных ребят от 14 до 25 лет, желающих заявить о себе, научиться создавать проекты, развить лидерские качества, получить полезные навыки и стать частью большого студенческого сообщества Движения Первых.   Флагманский проект направлен на развитие активного студенческого сообщества и вовлечение молодёжи в деятельность Движения Первых через практическую работу. Он объединяет студентов вузов и колледжей...;0;158;https://dzen.ru/a/aenCtdd6TEeMHg3j?feed_exp=ordinary_feed&from=channel&integration=yandex&place=more&secdata=COuShMnbMyABUA9qAQGQAQA%3D&rid=2623975490.1412.1777148791259.51168&;https://dzen.ru/a/aenCtdd6TEeMHg3j?feed_exp=ordinary_feed&from=channel&rid=2623975490.1412.1777148791259.51168&integration=yandex&place=more&secdata=COuShMnbMyABUA9qAQGQAQA%3D&#comments_data=p_root;ДЕПАРТАМЕНТ МОЛОДЕЖНОЙ ПОЛИТИКИ СВЕРДЛОВСКОЙ ОБЛАСТИ
native:69e9c1ca0eecd277655b0531;3 дня назад;Семь школьников из Свердловской области вошли в число победителей и призеров Национальной технологической олимпиады;Семь школьников из Свердловской области вошли в число победителей и призеров Национальной технологической олимпиады (НТО), которая проводится совместно с Президентской платформой «Россия – страна возможностей» при координации Министерства науки и высшего образования РФ. Дипломантами одиннадцатого сезона НТО стали 463 учащихся 8-11 классов из 59 регионов России, а также из Казахстана. В финальных этапах НТО состязались более 2 100 школьников и студентов. Всего на Национальную технологическую олимпиаду 2025/2026 учебного года зарегистрировались 226 000 участников...;3;225;https://dzen.ru/a/aenByg7s0ndlWwUx?feed_exp=ordinary_feed&from=channel&integration=yandex&place=more&secdata=CP%2Bq9sjbMyABUA9qAQGQAQA%3D&rid=2623975490.1412.1777148791259.51168&;https://dzen.ru/a/aenByg7s0ndlWwUx?feed_exp=ordinary_feed&from=channel&rid=2623975490.1412.1777148791259.51168&integration=yandex&place=more&secdata=CP%2Bq9sjbMyABUA9qAQGQAQA%3D&#comments_data=p_root;ДЕПАРТАМЕНТ МОЛОДЕЖНОЙ ПОЛИТИКИ СВЕРДЛОВСКОЙ ОБЛАСТИ
native:69e8b3e47f143455b1d46d21;3 дня назад;II этап Всероссийского турнира на призы Олимпийской чемпионки Ольги Глацких «Ты сможешь сам» пройдет в Екатеринбурге;Главное событие для зрителей — гала-концерт «Во имя жизни на земле!», посвящённый Дню Победы: он объединит 1500 зрителей со всей Свердловской области. В этот вечер через искусство гимнастики скажут спасибо предкам, сохранившим мир и свободу...;0;17;https://dzen.ru/a/aeiz5H8UNFWx1G0h?feed_exp=ordinary_feed&from=channel&integration=yandex&place=more&secdata=CPvz%2FKfbMyABUA9qAQGQAQA%3D&rid=2623975490.1412.1777148791259.51168&;https://dzen.ru/a/aeiz5H8UNFWx1G0h?feed_exp=ordinary_feed&from=channel&rid=2623975490.1412.1777148791259.51168&integration=yandex&place=more&secdata=CPvz%2FKfbMyABUA9qAQGQAQA%3D&#comments_data=p_root;ДЕПАРТАМЕНТ МОЛОДЕЖНОЙ ПОЛИТИКИ СВЕРДЛОВСКОЙ ОБЛАСТИ
native:69e8a7e264aac5567009147e;3 дня назад;Поздравляем добровольцев-спасателей!;Всероссийскому студенческому корпусу спасателей исполнилось 25 лет. Это крупнейшая молодежная добровольческая организация, занимающаяся культурой безопасности и ликвидацией последствий чрезвычайных ситуаций. Сегодня на торжественном построении собрались те, кто по первому зову готов выехать на пожар, наводнение или в гуманитарную миссию. В Екатеринбурге они стояли в строю, пока такие же линейки прошли от Камчатки до Калининграда...;0;39;https://dzen.ru/a/aein4mSqxVZwCRR-?feed_exp=ordinary_feed&from=channel&integration=yandex&place=more&secdata=CIi7wqbbMyABUA9qAQGQAQA%3D&rid=2623975490.1412.1777148791259.51168&;https://dzen.ru/a/aein4mSqxVZwCRR-?feed_exp=ordinary_feed&from=channel&rid=2623975490.1412.1777148791259.51168&integration=yandex&place=more&secdata=CIi7wqbbMyABUA9qAQGQAQA%3D&#comments_data=p_root;ДЕПАРТАМЕНТ МОЛОДЕЖНОЙ ПОЛИТИКИ СВЕРДЛОВСКОЙ ОБЛАСТИ
native:69e89c1bda45704bfdf698db;3 дня назад;Стартовал конкурс в восьмой состав Молодёжного правительства;Департамент молодёжной политики объявляет старт конкурса по формированию восьмого состава Молодёжного правительства Свердловской области. Это шанс поработать с министрами и экспертами, запустить свой проект в регионе и получить опыт государственного управления. Всего 26 должностей: от министра образования до министра цифрового развития и связи, а также директора Департамента противодействия коррупции...;2;54;https://dzen.ru/a/aeicG9pFcEv99pjb?feed_exp=ordinary_feed&from=channel&integration=yandex&place=more&secdata=CK3fjqXbMyABUA9qAQGQAQA%3D&rid=2623975490.1412.1777148791259.51168&;https://dzen.ru/a/aeicG9pFcEv99pjb?feed_exp=ordinary_feed&from=channel&rid=2623975490.1412.1777148791259.51168&integration=yandex&place=more&secdata=CK3fjqXbMyABUA9qAQGQAQA%3D&#comments_data=p_root;ДЕПАРТАМЕНТ МОЛОДЕЖНОЙ ПОЛИТИКИ СВЕРДЛОВСКОЙ ОБЛАСТИ
native:69e715a63e84d22857345723;5 дней назад;Молодежь Свердловской области приглашают принять участие в конкурсном отборе в амбассадорскую программу проекта «Профразвитие»;Президентская платформа «Россия – страна возможностей» открыла набор в амбассадорскую программу проекта «Профразвитие». Представителей Свердловской области приглашают стать частью большой команды, меняющей подход к построению карьеры в стране. Амбассадорам предстоит развивать сообщество в регионах, работать с реальными карьерными возможностями и помогать другим делать первые шаги в профессии. Подать заявку на участие можно до 10 мая на цифровой платформе. «Профразвитие» – карьерный проект Президентской...;0;250;https://dzen.ru/a/aecVpj6E0ihXNFcj?feed_exp=ordinary_feed&from=channel&integration=yandex&place=more&secdata=CLfotPXaMyABUA9qAQGQAQA%3D&rid=2623975490.1412.1777148791259.51168&;https://dzen.ru/a/aecVpj6E0ihXNFcj?feed_exp=ordinary_feed&from=channel&rid=2623975490.1412.1777148791259.51168&integration=yandex&place=more&secdata=CLfotPXaMyABUA9qAQGQAQA%3D&#comments_data=p_root;ДЕПАРТАМЕНТ МОЛОДЕЖНОЙ ПОЛИТИКИ СВЕРДЛОВСКОЙ ОБЛАСТИ
native:69e713c4b3b43170ae914d2a;5 дней назад;День Департамента молодёжной политики в Богдановиче;Рабочие выезды в муниципалитеты продолжаются. На этот раз директор Департамента Денис Протасов и председатель Движения Первых в регионе Ирина Грибан отправились в Богданович, чтобы пообщаться с теми, кто создаёт молодёжную политику и кто активно в ней участвует. Что сделали за один насыщенный день: – Поговорили с молодёжью и представителями Движения о развитии молодёжной политики...;0;36;https://dzen.ru/a/aecTxLO0MXCukU0q?feed_exp=ordinary_feed&from=channel&integration=yandex&place=more&secdata=CPvDnPXaMyABUA9qAQGQAQA%3D&rid=2623975490.1412.1777148791259.51168&;https://dzen.ru/a/aecTxLO0MXCukU0q?feed_exp=ordinary_feed&from=channel&rid=2623975490.1412.1777148791259.51168&integration=yandex&place=more&secdata=CPvDnPXaMyABUA9qAQGQAQA%3D&#comments_data=p_root;ДЕПАРТАМЕНТ МОЛОДЕЖНОЙ ПОЛИТИКИ СВЕРДЛОВСКОЙ ОБЛАСТИ
native:69e6f4a4122e8139aa78f70a;5 дней назад;В Екатеринбурге открыли четвертую смену «Семейное дело» лаборатории «Урал добрых дел»;20 апреля в Свердловской областной универсальной научной библиотеке им. В. Г. Белинского стартовала четвертая смена образовательной лаборатории «Урал добрых дел» под названием «Семейное дело». Организатором выступает Ресурсный центр добровольчества региона. «Для нас это особенная смена, потому что семейная. Родители осознано приводят своих детей с малого возраста в добровольчество, объясняют, для чего это, а главное – показывают на собственном примере, что помогать – это важно и нужно», – поделился директор Департамента молодежной политики Свердловской области Денис Протасов...;0;80;https://dzen.ru/a/aeb0pBIugTmqePcK?feed_exp=ordinary_feed&from=channel&integration=yandex&place=more&secdata=CIGotPHaMyABUA9qAQGQAQA%3D&rid=2623975490.1412.1777148791259.51168&;https://dzen.ru/a/aeb0pBIugTmqePcK?feed_exp=ordinary_feed&from=channel&rid=2623975490.1412.1777148791259.51168&integration=yandex&place=more&secdata=CIGotPHaMyABUA9qAQGQAQA%3D&#comments_data=p_root;ДЕПАРТАМЕНТ МОЛОДЕЖНОЙ ПОЛИТИКИ СВЕРДЛОВСКОЙ ОБЛАСТИ
native:69e60a51d9eb086278e28a38;5 дней назад;Заместитель директора Департамента молодежной политики в первой окружной миссии «Доброслужащий»;Заместитель директора Департамента молодежной политики Василий Берсенёв вошёл в состав первой окружной миссии проекта «Доброслужащий» на базе Гуманитарного добровольческого корпуса. В рамках этой инициативы государственные служащие выполняют широкий спектр задач, требующих не только профессиональных навыков, но и искренней самоотдачи. Среди основных направлений работы: ✔️ приготовление и раздача горячей пищи для нуждающихся и пострадавших, ✔️ восстановление повреждённых домов, разбор завалов и проведение...;0;66;https://dzen.ru/a/aeYKUdnrCGJ44oo4?feed_exp=ordinary_feed&from=channel&integration=yandex&place=more&secdata=CMmq6NTaMyABUA9qAQGQAQA%3D&rid=2623975490.1412.1777148791259.51168&;https://dzen.ru/a/aeYKUdnrCGJ44oo4?feed_exp=ordinary_feed&from=channel&rid=2623975490.1412.1777148791259.51168&integration=yandex&place=more&secdata=CMmq6NTaMyABUA9qAQGQAQA%3D&#comments_data=p_root;ДЕПАРТАМЕНТ МОЛОДЕЖНОЙ ПОЛИТИКИ СВЕРДЛОВСКОЙ ОБЛАСТИ
native:69e6058b73e020648ccb406b;5 дней назад;В Екатеринбурге прошла Всероссийская ярмарка трудоустройства: Региональный молодёжный центр представил программу «Профуспех»;17 апреля в Выставочно-образовательном комплексе «ДЕПО» состоялся региональный этап Всероссийской ярмарки трудоустройства, организованный Департаментом по труду и занятости населения Свердловской области. Одним из ключевых партнёров мероприятия выступил Региональный молодёжный центр. В рамках мероприятия развернули специализированную площадку «Ярмарка профессий „Профуспех“», ориентированную на молодёжь в возрасте от 14 до 24 лет. Для посетителей работали два интерактивных стенда. На первом была представлена...;3;124;https://dzen.ru/a/aeYFi3PgIGSMy0Br?feed_exp=ordinary_feed&from=channel&integration=yandex&place=more&secdata=CJacndTaMyABUA9qAQGQAQA%3D&rid=2623975490.1412.1777148791259.51168&;https://dzen.ru/a/aeYFi3PgIGSMy0Br?feed_exp=ordinary_feed&from=channel&rid=2623975490.1412.1777148791259.51168&integration=yandex&place=more&secdata=CJacndTaMyABUA9qAQGQAQA%3D&#comments_data=p_root;ДЕПАРТАМЕНТ МОЛОДЕЖНОЙ ПОЛИТИКИ СВЕРДЛОВСКОЙ ОБЛАСТИ
native:69e5f33899fd313aa024e2c9;5 дней назад;Лето со смыслом;Если вам от 18 до 35 лет, вы живете культурой, искусством или организацией мероприятий, смело участвуйте в проекте Арт-кластера «Таврида». С июня по сентябрь в Судаке пройдут Летние школы Академии творческих индустрий «Меганом». Это 7-дневные интенсивные программы, где эксперты индустрии передают опыт молодым творцам. Участники не просто слушают лекции, а сразу создают проекты и прокачивают навыки на практике. Также в рамках школ сформирован Центр практики...;0;45;https://dzen.ru/a/aeXzOJn9MTqgJOLJ?feed_exp=ordinary_feed&from=channel&integration=yandex&place=more&secdata=CLWf%2FNHaMyABUA9qAQGQAQA%3D&rid=2623975490.1412.1777148791259.51168&;https://dzen.ru/a/aeXzOJn9MTqgJOLJ?feed_exp=ordinary_feed&from=channel&rid=2623975490.1412.1777148791259.51168&integration=yandex&place=more&secdata=CLWf%2FNHaMyABUA9qAQGQAQA%3D&#comments_data=p_root;ДЕПАРТАМЕНТ МОЛОДЕЖНОЙ ПОЛИТИКИ СВЕРДЛОВСКОЙ ОБЛАСТИ
native:69e23272ff5efd65a70b2dbf;1 неделю назад;Свердловская молодежь посмотрела историческую драму «Вальс со смертью», рассказывающую о трагических событиях;;2;123;https://dzen.ru/a/aeIycv9e_WWnCy2_?feed_exp=ordinary_feed&from=channel&integration=yandex&place=more&secdata=CMHQ19zZMyABUA9qAQGQAQA%3D&rid=2623975490.1412.1777148791259.51168&;https://dzen.ru/a/aeIycv9e_WWnCy2_?feed_exp=ordinary_feed&from=channel&rid=2623975490.1412.1777148791259.51168&integration=yandex&place=more&secdata=CMHQ19zZMyABUA9qAQGQAQA%3D&#comments_data=p_root;ДЕПАРТАМЕНТ МОЛОДЕЖНОЙ ПОЛИТИКИ СВЕРДЛОВСКОЙ ОБЛАСТИ
native:69e0f32339c8602e95755a83;1 неделю назад;В Екатеринбурге обсудили новые стандарты работы с молодёжью в связи с изменениями законодательства;16 апреля на площадке Культурного центра «Урал» в рамках V юбилейного Международного форума-выставки социальных технологий «СОЦИО» состоялась профильная секция, посвящённая деятельности государственных и муниципальных учреждений в сфере молодёжной политики...;0;92;https://dzen.ru/a/aeDzIznIYC6VdVqD?feed_exp=ordinary_feed&from=channel&integration=yandex&place=more&secdata=CImA5bXZMyABUA9qAQGQAQA%3D&rid=2623975490.1412.1777148791259.51168&;https://dzen.ru/a/aeDzIznIYC6VdVqD?feed_exp=ordinary_feed&from=channel&rid=2623975490.1412.1777148791259.51168&integration=yandex&place=more&secdata=CImA5bXZMyABUA9qAQGQAQA%3D&#comments_data=p_root;ДЕПАРТАМЕНТ МОЛОДЕЖНОЙ ПОЛИТИКИ СВЕРДЛОВСКОЙ ОБЛАСТИ
native:69df77485f2c6700185998d0;1 неделю назад;В Свердловской области дан старт шестого сезона Международной премии #МыВместе;15 апреля в Штабе общественной поддержки в Екатеринбурге состоялся старт Международной премии #МыВместе в Свердловской области. Шестой сезон Премии приурочен к Году единства народов России, а также к Международному году добровольцев. Ежегодно в региональном этапе Премии принимают участие около 15 000 участников. «Это большая история для добровольцев. У общественных деятелей, компаний, некоммерческого сектора есть возможность презентовать свой проект и не только получить общественное признание, но...;1;110;https://dzen.ru/a/ad93SF8sZwAYWZjQ?feed_exp=ordinary_feed&from=channel&integration=yandex&place=more&secdata=CIHQr4fZMyABUA9qAQGQAQA%3D&rid=2623975490.1412.1777148791259.51168&;https://dzen.ru/a/ad93SF8sZwAYWZjQ?feed_exp=ordinary_feed&from=channel&rid=2623975490.1412.1777148791259.51168&integration=yandex&place=more&secdata=CIHQr4fZMyABUA9qAQGQAQA%3D&#comments_data=p_root;ДЕПАРТАМЕНТ МОЛОДЕЖНОЙ ПОЛИТИКИ СВЕРДЛОВСКОЙ ОБЛАСТИ
native:69df38004e7af3321b771436;2 недели назад;«МедиаПритяжение»: старт сезона для будущих лидеров медиа;Школьников, студентов, наставников и даже семейные команды научат работать с информацией, снимать и монтировать ролики. Вы сможете примерить роли репортёра, продюсера и блогера. Способы участвовать: 1. «МедиаМастер» (14–17 лет) – для начинающих. 2. «МедиаПрофи» (18–25 лет) – для опытных. 3. «МедиаКоманда» – от 3 человек (друзья, одноклассники, семья и наставник). 4. «МедиаЦентр» – школьные редакции и студенческие объединения от 8 участников. «МедиаЛига» – уникальное сообщество для прокачки профессионалов...;0;45;https://dzen.ru/a/ad84AE568zIbdxQ2?feed_exp=ordinary_feed&from=channel&integration=yandex&place=more&secdata=CKfm0v%2FYMyABUA9qAQGQAQA%3D&rid=2623975490.1412.1777148791259.51168&;https://dzen.ru/a/ad84AE568zIbdxQ2?feed_exp=ordinary_feed&from=channel&rid=2623975490.1412.1777148791259.51168&integration=yandex&place=more&secdata=CKfm0v%2FYMyABUA9qAQGQAQA%3D&#comments_data=p_root;ДЕПАРТАМЕНТ МОЛОДЕЖНОЙ ПОЛИТИКИ СВЕРДЛОВСКОЙ ОБЛАСТИ
native:69df1f06d80fd90b9caca639;2 недели назад;Свердловская область присоединяется к онлайн-фестивалю «Игры России»: жителей региона приглашают рассказать о народных играх;Проект «Флагманы образования» Президентской платформы «Россия – страна возможностей» запускает всероссийский онлайн-фестиваль «Игры России», приуроченный к Году единства народов России. Жители Свердловской области смогут внести свой вклад в сохранение культурных традиций и рассказать о народных и авторских играх региона. Фестиваль стартует 15 апреля – в Международной день культуры. Он пройдет в онлайн-формате на базе сервиса «Другое Дело» и будет представлять собой всероссийскую акцию, которая объединит...;0;207;https://dzen.ru/a/ad8fBtgP2QucrKY5?feed_exp=ordinary_feed&from=channel&integration=yandex&place=more&secdata=CNW7x%2FzYMyABUA9qAQGQAQA%3D&rid=2623975490.1412.1777148791259.51168&;https://dzen.ru/a/ad8fBtgP2QucrKY5?feed_exp=ordinary_feed&from=channel&rid=2623975490.1412.1777148791259.51168&integration=yandex&place=more&secdata=CNW7x%2FzYMyABUA9qAQGQAQA%3D&#comments_data=p_root;ДЕПАРТАМЕНТ МОЛОДЕЖНОЙ ПОЛИТИКИ СВЕРДЛОВСКОЙ ОБЛАСТИ
native:69ddd861cc4ccd7838d07279;2 недели назад;Более 150 экскурсий на заводы: стартует Всероссийская профориентационная неделя на Среднем Урале;С 20 по 26 апреля 2026 года Свердловская область станет одной из ключевых площадок Всероссийской профориентационной недели в рамках проекта «Больше, чем работа» программы Росмолодёжи «Больше, чем путешествие». Главная цель масштабного проекта – познакомить школьников с работой предприятиятий и помочь с выбором будущей профессии. К участию приглашаются ученики 9-х классов в возрасте от 14 до 18 лет. В программе представлены 156 профориентационных экскурсий на промышленные предприятия Екатеринбурга...;1;65;https://dzen.ru/a/ad3YYcxMzXg40HJ5?feed_exp=ordinary_feed&from=channel&integration=yandex&place=more&secdata=CJ3c19TYMyABUA9qAQGQAQA%3D&rid=2623975490.1412.1777148791259.51168&;https://dzen.ru/a/ad3YYcxMzXg40HJ5?feed_exp=ordinary_feed&from=channel&rid=2623975490.1412.1777148791259.51168&integration=yandex&place=more&secdata=CJ3c19TYMyABUA9qAQGQAQA%3D&#comments_data=p_root;ДЕПАРТАМЕНТ МОЛОДЕЖНОЙ ПОЛИТИКИ СВЕРДЛОВСКОЙ ОБЛАСТИ
native:69ddc60fde38c62162f11324;2 недели назад;«Мы все из космоса»: итоги семейного праздника, посвящённого 65-летию полёта Юрия Гагарина;11 апреля в Екатеринбурге состоялась семейная эстафета «Мы все из космоса», организованная Региональным центром патриотического воспитания имени Героя России И.О. Родобольского при поддержке Департамента молодежной политики Свердловской области. Мероприятие было посвящено 65-летию полёта Юрия Гагарина и собрало активные семьи со всего региона. Участниками стали семейные команды в составе: ребенка от 8 до 12 лет и двух взрослых (родители, бабушки, дедушки)...;1;72;https://dzen.ru/a/ad3GD944xiFi8RMk?feed_exp=ordinary_feed&from=channel&integration=yandex&place=more&secdata=CKGiwNLYMyABUA9qAQGQAQA%3D&rid=2502164914.976.1777148792044.27764&;https://dzen.ru/a/ad3GD944xiFi8RMk?feed_exp=ordinary_feed&from=channel&rid=2502164914.976.1777148792044.27764&integration=yandex&place=more&secdata=CKGiwNLYMyABUA9qAQGQAQA%3D&#comments_data=p_root;ДЕПАРТАМЕНТ МОЛОДЕЖНОЙ ПОЛИТИКИ СВЕРДЛОВСКОЙ ОБЛАСТИ
native:69ddbcf9230a21395542c347;2 недели назад;«Мудрость добра»: чему опытные волонтеры учатся у журналистов и врачей;С 13 по 17 апреля в Свердловской области проходит третья смена образовательной лаборатории «Урал добрых дел», которая называется «Мудрость добра». Эта смена проводится Ресурсным центром добровольчества для «серебряных» волонтеров в очно-заочном формате. 13 апреля в Библиотеке им. Белинского прошло открытие, знакомство и работа над собой в речи, подаче себя и добровольчестве. – Руководитель Ресурсного центра добровольчества Елена Козырева поприветствовала «серебряных» волонтёров. – Ведущая «Свердловского утра» на ОТВ Анастасия Литвинова рассказала о «5 правилах публичного выступления»...;1;73;https://dzen.ru/a/ad28-SMKITlVQsNH?feed_exp=ordinary_feed&from=channel&integration=yandex&place=more&secdata=CNKyrdHYMyABUA9qAQGQAQA%3D&rid=2502164914.976.1777148792044.27764&;https://dzen.ru/a/ad28-SMKITlVQsNH?feed_exp=ordinary_feed&from=channel&rid=2502164914.976.1777148792044.27764&integration=yandex&place=more&secdata=CNKyrdHYMyABUA9qAQGQAQA%3D&#comments_data=p_root;ДЕПАРТАМЕНТ МОЛОДЕЖНОЙ ПОЛИТИКИ СВЕРДЛОВСКОЙ ОБЛАСТИ
native:69dca1dca6684003eedece1f;2 недели назад;Твой спорт – твоё время: «Бирюса» ждёт лидеров!;Всероссийский форум «Территория инициативной молодёжи «Бирюса» приглашает на смену «Физическая культура и спорт» активистов спортклубов, тренеров и представителей уличной культуры от 14 до 35 лет. Красноярский край – центр крупных молодёжных спортивных событий, а «Бирюса» объединяет все спортивные сообщества: от студенческих клубов до уличных объединений. Это уникальная возможность познакомиться с разными направлениями, получить опыт организации мероприятий и внести вклад в развитие круглогодичного молодёжного центра...;0;58;https://dzen.ru/a/adyh3KZoQAPu3s4f?feed_exp=ordinary_feed&from=channel&integration=yandex&place=more&secdata=CMDS5q7YMyABUA9qAQGQAQA%3D&rid=2502164914.976.1777148792044.27764&;https://dzen.ru/a/adyh3KZoQAPu3s4f?feed_exp=ordinary_feed&from=channel&rid=2502164914.976.1777148792044.27764&integration=yandex&place=more&secdata=CMDS5q7YMyABUA9qAQGQAQA%3D&#comments_data=p_root;ДЕПАРТАМЕНТ МОЛОДЕЖНОЙ ПОЛИТИКИ СВЕРДЛОВСКОЙ ОБЛАСТИ
native:69d8e031bd0f3a1ea60f55e9;2 недели назад;Как в Свердловской области помогают подросткам вернуться к нормальной жизни;Наркомания не щадит ни возраст, ни социальный статус. В зоне риска может оказаться каждый. Последствия страшны: подростки могут иметь ВИЧ и гепатит С, видеть галлюцинации, терять память и навыки ходьбы. Но из этого тупика есть выход. В Свердловской области выстроена система профилактики и помощи. Родители могут обращаться в реабилитационные центры, где с детьми работают специалисты...;0;31;https://dzen.ru/a/adjgMb0POh6mD1Xp?feed_exp=ordinary_feed&from=channel&integration=yandex&place=more&secdata=CMXDtrnXMyABUA9qAQGQAQA%3D&rid=2502164914.976.1777148792044.27764&;https://dzen.ru/a/adjgMb0POh6mD1Xp?feed_exp=ordinary_feed&from=channel&rid=2502164914.976.1777148792044.27764&integration=yandex&place=more&secdata=CMXDtrnXMyABUA9qAQGQAQA%3D&#comments_data=p_root;ДЕПАРТАМЕНТ МОЛОДЕЖНОЙ ПОЛИТИКИ СВЕРДЛОВСКОЙ ОБЛАСТИ
native:69d8dca88f164c75faf40684;2 недели назад;Идет прием заявок на 6 сезон #МЫВМЕСТЕ;Мы писали об особенностях Премии этого года. Если у вас есть проект в сфере добровольчества, вы волонтёр или просто активно помогаете людям, то вы можете стать частью проекта. Хотите узнать больше? Приходите на встречу с финалистами и победителями Премии: они поделятся опытом...;1;32;https://dzen.ru/a/adjcqI8WTHX69AaE?feed_exp=ordinary_feed&from=channel&integration=yandex&place=more&secdata=CKahgLnXMyABUA9qAQGQAQA%3D&rid=2502164914.976.1777148792044.27764&;https://dzen.ru/a/adjcqI8WTHX69AaE?feed_exp=ordinary_feed&from=channel&rid=2502164914.976.1777148792044.27764&integration=yandex&place=more&secdata=CKahgLnXMyABUA9qAQGQAQA%3D&#comments_data=p_root;ДЕПАРТАМЕНТ МОЛОДЕЖНОЙ ПОЛИТИКИ СВЕРДЛОВСКОЙ ОБЛАСТИ
native:69d8cf5c8f164c75fadda47d;2 недели назад;Юные уральцы получили паспорта в честь Дня космонавтики;На площадке Музейного комплекса гражданской и военной техники Уральской горно-металлургической компании города Верхняя Пышма прошло торжественное вручение паспортов школьникам, достигшим 14 лет. Главный документ в рамках Всероссийского проекта Движения Первых «Мы – граждане России!» получили 24 активиста из разных уголков Свердловской области. Церемония была посвящена Дню космонавтики. Первые паспорта получили школьники из Екатеринбурга, Красноуфимска, Верхней Пышмы, ЗАТО Свободный, Арамильского, Сысертского, Белоярского, Гаринского, Артинского и Красноуфимского округов...;1;64;https://dzen.ru/a/adjPXI8WTHX63aR9?feed_exp=ordinary_feed&from=channel&integration=yandex&place=more&secdata=CP6yrbfXMyABUA9qAQGQAQA%3D&rid=2502164914.976.1777148792044.27764&;https://dzen.ru/a/adjPXI8WTHX63aR9?feed_exp=ordinary_feed&from=channel&rid=2502164914.976.1777148792044.27764&integration=yandex&place=more&secdata=CP6yrbfXMyABUA9qAQGQAQA%3D&#comments_data=p_root;ДЕПАРТАМЕНТ МОЛОДЕЖНОЙ ПОЛИТИКИ СВЕРДЛОВСКОЙ ОБЛАСТИ
native:69d8aef5e3587c0997d50e63;2 недели назад;Собрались, обсудили, вдохновились;Как мы рассказывали раньше, 7 организаций молодёжной политики Свердловской области получили статус Добро.Центра. Для Центров, прошедших Акселерацию 5.0, состоялась встреча в Ресурсном центре добровольчества региона...;0;22;https://dzen.ru/a/adiu9eNYfAmX1Q5j?feed_exp=ordinary_feed&from=channel&integration=yandex&place=more&secdata=CLjgsrPXMyABUA9qAQGQAQA%3D&rid=2502164914.976.1777148792044.27764&;https://dzen.ru/a/adiu9eNYfAmX1Q5j?feed_exp=ordinary_feed&from=channel&rid=2502164914.976.1777148792044.27764&integration=yandex&place=more&secdata=CLjgsrPXMyABUA9qAQGQAQA%3D&#comments_data=p_root;ДЕПАРТАМЕНТ МОЛОДЕЖНОЙ ПОЛИТИКИ СВЕРДЛОВСКОЙ ОБЛАСТИ
gif:69d7884e10ba6257d4deb0ac;2 недели назад;В Москве прошла презентация Международного фестиваля молодежи — 2026;;0;0;https://dzen.ru/video/watch/69d7884e10ba6257d4deb0ac?rid=2502164914.976.1777148792044.27764&;https://dzen.ru/video/watch/69d7884e10ba6257d4deb0ac?rid=2502164914.976.1777148792044.27764&comment-request=1&#comments_data=p_root;ДЕПАРТАМЕНТ МОЛОДЕЖНОЙ ПОЛИТИКИ СВЕРДЛОВСКОЙ ОБЛАСТИ
native:69d76dc7d7fd66638e51505a;2 недели назад;Конкурс «Идеи, преображающие города»;IX Всероссийский конкурс молодых архитекторов и урбанистов ищет идеи для развития городов и поселений. В Конкурсе могут поучаствовать граждане России в возрастных категориях: – от 7 до 9 лет, – от 10 до...;0;29;https://dzen.ru/a/addtx9f9ZmOOUVBa?feed_exp=ordinary_feed&from=channel&integration=yandex&place=more&secdata=COD5l4zXMyABUA9qAQGQAQA%3D&rid=2502164914.976.1777148792044.27764&;https://dzen.ru/a/addtx9f9ZmOOUVBa?feed_exp=ordinary_feed&from=channel&rid=2502164914.976.1777148792044.27764&integration=yandex&place=more&secdata=COD5l4zXMyABUA9qAQGQAQA%3D&#comments_data=p_root;ДЕПАРТАМЕНТ МОЛОДЕЖНОЙ ПОЛИТИКИ СВЕРДЛОВСКОЙ ОБЛАСТИ
native:69d6450d09018b2c44f375d1;2 недели назад;В Екатеринбурге прошла Экспертная сессия по развитию молодежной политики в Свердловской области;В Свердловской области прошла экспертная сессия, посвящённая развитию молодежной политики. Одной из центральных тем мероприятия стало вовлечение так называемой «неохваченной» аудитории — молодых людей, которые по разным причинам пока не участвуют в социальных и молодежных проектах. Согласно данным мониторинга эффективности реализации молодежной политики, Средний Урал в настоящее время находится на 8 месте среди регионов России. С приветственным словом перед участниками сессии выступил директор Департамента молодежной политики Свердловской области Денис Протасов...;0;180;https://dzen.ru/a/adZFDQkBiyxE83XR?feed_exp=ordinary_feed&from=channel&integration=yandex&place=more&secdata=CJnq%2FOfWMyABUA9qAQGQAQA%3D&rid=2502164914.976.1777148792044.27764&;https://dzen.ru/a/adZFDQkBiyxE83XR?feed_exp=ordinary_feed&from=channel&rid=2502164914.976.1777148792044.27764&integration=yandex&place=more&secdata=CJnq%2FOfWMyABUA9qAQGQAQA%3D&#comments_data=p_root;ДЕПАРТАМЕНТ МОЛОДЕЖНОЙ ПОЛИТИКИ СВЕРДЛОВСКОЙ ОБЛАСТИ
native:69d64263eb93124f535f01e2;2 недели назад;Лимитированный сет термонаклеек для пасхальных яиц от команды «Стенограффия»;Также получить набор можно за участие в создании эскиза мурала к Международному фестивалю молодежи-2026. Подробнее: vk.cc/cWlABL. Пусть весна будет творческой и яркой.;0;22;https://dzen.ru/a/adZCY-uTEk9TXwHi?feed_exp=ordinary_feed&from=channel&integration=yandex&place=more&secdata=CMmx0efWMyABUA9qAQGQAQA%3D&rid=2502164914.976.1777148792044.27764&;https://dzen.ru/a/adZCY-uTEk9TXwHi?feed_exp=ordinary_feed&from=channel&rid=2502164914.976.1777148792044.27764&integration=yandex&place=more&secdata=CMmx0efWMyABUA9qAQGQAQA%3D&#comments_data=p_root;ДЕПАРТАМЕНТ МОЛОДЕЖНОЙ ПОЛИТИКИ СВЕРДЛОВСКОЙ ОБЛАСТИ
native:69d5fb467278860cef1c5dcb;3 недели назад;Уральцы стали участниками программы «Профессионалитет» в Мастерской управления «Сенеж»;В Мастерской управления «Сенеж» прошел первый модуль программы «Профессионалитет» Президентской платформы «Россия – страна возможностей». Представители органов власти, колледжей и предприятий-партнеров из 43 регионов России собрались, чтобы усилить профессиональные компетенции и разработать дорожные карты развития своих кластеров СПО. В их числе – семь управленческих команд из Свердловской области. Средний Урал на программе «Профессионалитет» Мастерской управления «Сенеж» Президентской платформы...;1;183;https://dzen.ru/a/adX7RnJ4hgzvHF3L?feed_exp=ordinary_feed&from=channel&integration=yandex&place=more&secdata=CIm2%2B97WMyABUA9qAQGQAQA%3D&rid=2502164914.976.1777148792044.27764&;https://dzen.ru/a/adX7RnJ4hgzvHF3L?feed_exp=ordinary_feed&from=channel&rid=2502164914.976.1777148792044.27764&integration=yandex&place=more&secdata=CIm2%2B97WMyABUA9qAQGQAQA%3D&#comments_data=p_root;ДЕПАРТАМЕНТ МОЛОДЕЖНОЙ ПОЛИТИКИ СВЕРДЛОВСКОЙ ОБЛАСТИ
native:69d4e4e534d4d861b0489b1c;3 недели назад;В Екатеринбурге прошёл финал олимпиады «Я – профессионал» по направлению «Транспорт»;На базе Уральского государственного университета путей сообщения состоялся заключительный этап IX сезона Всероссийской олимпиады студентов «Я – профессионал».  Екатеринбург стал одной из девяти площадок финала олимпиады по направлению «Транспорт» – наряду с Москвой, Санкт-Петербургом, Иркутском, Новосибирском, Омском, Ростовом-на-Дону, Самарой и Хабаровском. Студенты бакалавриата и магистратуры из Свердловской области и других регионов России продемонстрировали навыки решения реальных производственных задач, с которыми ежедневно сталкиваются специалисты транспортной отрасли...;0;65;https://dzen.ru/a/adTk5TTU2GGwSJsc?feed_exp=ordinary_feed&from=channel&integration=yandex&place=more&secdata=CI2p%2B7zWMyABUA9qAQGQAQA%3D&rid=2502164914.976.1777148792044.27764&;https://dzen.ru/a/adTk5TTU2GGwSJsc?feed_exp=ordinary_feed&from=channel&rid=2502164914.976.1777148792044.27764&integration=yandex&place=more&secdata=CI2p%2B7zWMyABUA9qAQGQAQA%3D&#comments_data=p_root;ДЕПАРТАМЕНТ МОЛОДЕЖНОЙ ПОЛИТИКИ СВЕРДЛОВСКОЙ ОБЛАСТИ
native:69d4a8e9ccfa185f857360d8;3 недели назад;Студенты Свердловской области могут повлиять на развитие своих вузов через Индекс отношения к воспитательной работе проекта «Твой Ход»;30 марта стартовал Индекс отношения к воспитательной работе, который позволяет студентам напрямую оценивать качество внеучебной деятельности и образовательной среды в университетах. Это инструмент, который отражает реальную удовлетворённость студентов учебным процессом, уровень доверия к администрации, ощущение социальной поддержки, а также вовлечённость молодёжи в грантовые конкурсы и проекты Росмолодёжи. По сути, это способ для вузов услышать своих учащихся и скорректировать воспитательную работу под их запросы...;0;85;https://dzen.ru/a/adSo6cz6GF-Fc2DY?feed_exp=ordinary_feed&from=channel&integration=yandex&place=more&secdata=COTz07XWMyABUA9qAQGQAQA%3D&rid=2502164914.976.1777148792044.27764&;https://dzen.ru/a/adSo6cz6GF-Fc2DY?feed_exp=ordinary_feed&from=channel&rid=2502164914.976.1777148792044.27764&integration=yandex&place=more&secdata=COTz07XWMyABUA9qAQGQAQA%3D&#comments_data=p_root;ДЕПАРТАМЕНТ МОЛОДЕЖНОЙ ПОЛИТИКИ СВЕРДЛОВСКОЙ ОБЛАСТИ
native:69d3a9b18dff9e204301d0c7;3 недели назад;«Дорога к звездам»: в Свердловской области прошел космический марафон;В планетарии Музейного комплекса гражданской и военной техники в Верхней Пышме состоялся космический марафон «Дорога к звездам», посвященный 65-летию полета Ю.А. Гагарина в космос. Участников марафона приветствовали директор Департамента молодежной политики Свердловской области Денис  Протасов и Герой Российской Федерации, директор Регионального центра патриотического воспитания имени Героя России И.О. Родобольского Сергей Воронин. Школьники из Екатеринбурга и Каменска-Уральского побывали на экскурсии...;0;61;https://dzen.ru/a/adOpsY3_niBDAdDH?feed_exp=ordinary_feed&from=channel&integration=yandex&place=more&secdata=COSKzJbWMyABUA9qAQGQAQA%3D&rid=2502164914.976.1777148792044.27764&;https://dzen.ru/a/adOpsY3_niBDAdDH?feed_exp=ordinary_feed&from=channel&rid=2502164914.976.1777148792044.27764&integration=yandex&place=more&secdata=COSKzJbWMyABUA9qAQGQAQA%3D&#comments_data=p_root;ДЕПАРТАМЕНТ МОЛОДЕЖНОЙ ПОЛИТИКИ СВЕРДЛОВСКОЙ ОБЛАСТИ
native:69d38a1056762c4ad25582f8;3 недели назад;В Екатеринбурге прошла Всероссийская школа командных составов агропромышленного комплекса РСО;С 3 по 5 апреля на базе Свердловского регионального отделения «Российских Студенческих Отрядов» прошла Всероссийская школа командных составов агропромышленного комплекса. Мероприятие направлено на поддержку студотрядов, повышение престижа сельскохозяйственных профессий среди молодежи и укрепление кадрового потенциала отрасли. «В сельскохозяйственной отрасли задействовано много молодежи по всей России, среди которых и участники студенческих отрядов, конечно, и студенты нашего Уральского государственного...;1;78;https://dzen.ru/a/adOKEFZ2LErSVYL4?feed_exp=ordinary_feed&from=channel&integration=yandex&place=more&secdata=CNyd0JLWMyABUA9qAQGQAQA%3D&rid=2502164914.976.1777148792044.27764&;https://dzen.ru/a/adOKEFZ2LErSVYL4?feed_exp=ordinary_feed&from=channel&rid=2502164914.976.1777148792044.27764&integration=yandex&place=more&secdata=CNyd0JLWMyABUA9qAQGQAQA%3D&#comments_data=p_root;ДЕПАРТАМЕНТ МОЛОДЕЖНОЙ ПОЛИТИКИ СВЕРДЛОВСКОЙ ОБЛАСТИ
native:69d371604180aa4d1423fd37;3 недели назад;Завершен первый этап конкурса на соискание премий в сфере молодежной политики на территории Свердловской области в 2026 году;На участие в конкурсе подано 88 заявок от представителей 32 муниципальных образований, расположенных на территории Свердловской области. Участниками премии стали победители грантовых конкурсов среди физических лиц с проектами, направленными на развитие молодежной политики, а также специалисты сферы молодежной политики, получившие ходатайство от главы администрации муниципального образования. По итогам первого этапа отобрано 64 претендента на соискание премий. Распределение участников по номинациям...;3;56;https://dzen.ru/a/adNxYEGAqk0UI_03?feed_exp=ordinary_feed&from=channel&integration=yandex&place=more&secdata=CMbdzo%2FWMyABUA9qAQGQAQA%3D&rid=2502164914.976.1777148792044.27764&;https://dzen.ru/a/adNxYEGAqk0UI_03?feed_exp=ordinary_feed&from=channel&rid=2502164914.976.1777148792044.27764&integration=yandex&place=more&secdata=CMbdzo%2FWMyABUA9qAQGQAQA%3D&#comments_data=p_root;ДЕПАРТАМЕНТ МОЛОДЕЖНОЙ ПОЛИТИКИ СВЕРДЛОВСКОЙ ОБЛАСТИ
native:69cf93f18ddec017ee76947b;3 недели назад;«Евразия Global» приглашает волонтёров!;С 23 по 28 июня в Оренбурге соберутся 160 молодых лидеров из России и стран-партнёров. Подавайте заявку до 15 мая: dobro.ru/event/11630699. С 20 по 22 июня пройдёт  волонтеров – вас познакомят с площадками, погрузят в смыслы и научат всему необходимому...;0;21;https://dzen.ru/a/ac-T8Y3ewBfudpR7?feed_exp=ordinary_feed&from=channel&integration=yandex&place=more&secdata=CKvU6uDVMyABUA9qAQGQAQA%3D&rid=2502164914.976.1777148792044.27764&;https://dzen.ru/a/ac-T8Y3ewBfudpR7?feed_exp=ordinary_feed&from=channel&rid=2502164914.976.1777148792044.27764&integration=yandex&place=more&secdata=CKvU6uDVMyABUA9qAQGQAQA%3D&#comments_data=p_root;ДЕПАРТАМЕНТ МОЛОДЕЖНОЙ ПОЛИТИКИ СВЕРДЛОВСКОЙ ОБЛАСТИ
native:69cf90aba328621ea666d3ab;3 недели назад;Как защитить молодёжь от угроз нового времени: в «Сенеже» обсуждают решения;В Мастерской управления «Сенеж» Президентской платформы «Россия — страна возможностей» стартовал всероссийский семинар-совещание «Национальная безопасность». Более 250 участников со всей страны собрались в подмосковном Солнечногорске, чтобы выработать эффективные механизмы защиты подрастающего поколения от современных вызовов. Мероприятие проходит под эгидой Национального антитеррористического комитета (НАК), который недавно отметил своё 20-летие. В центре обсуждения — реальные угрозы нового времени:...;0;106;https://dzen.ru/a/ac-Qq6MoYh6mZtOr?feed_exp=ordinary_feed&from=channel&integration=yandex&place=more&secdata=CJuVu5bVMyABUA9qAQGQAQA%3D&rid=2502164914.976.1777148792044.27764&;https://dzen.ru/a/ac-Qq6MoYh6mZtOr?feed_exp=ordinary_feed&from=channel&rid=2502164914.976.1777148792044.27764&integration=yandex&place=more&secdata=CJuVu5bVMyABUA9qAQGQAQA%3D&#comments_data=p_root;ДЕПАРТАМЕНТ МОЛОДЕЖНОЙ ПОЛИТИКИ СВЕРДЛОВСКОЙ ОБЛАСТИ
native:69cf8ff01a61de199ecb72fb;3 недели назад;Станьте частью медиакоманды Международного фестиваля молодёжи — 2026!;Фестиваль пройдёт в Екатеринбурге с 11 по 17 сентября. Если вы умеете снимать, писать, монтировать, придумывать креатив или продюсировать, вы можете не просто посетить его, а создать его летопись. Что...;1;27;https://dzen.ru/a/ac-P8Bph3hmey3L7?feed_exp=ordinary_feed&from=channel&integration=yandex&place=more&secdata=CKjos5bVMyABUA9qAQGQAQA%3D&rid=2502164914.976.1777148792044.27764&;https://dzen.ru/a/ac-P8Bph3hmey3L7?feed_exp=ordinary_feed&from=channel&rid=2502164914.976.1777148792044.27764&integration=yandex&place=more&secdata=CKjos5bVMyABUA9qAQGQAQA%3D&#comments_data=p_root;ДЕПАРТАМЕНТ МОЛОДЕЖНОЙ ПОЛИТИКИ СВЕРДЛОВСКОЙ ОБЛАСТИ
native:69ce22bcda5df33953f4344e;3 недели назад;Всероссийская ярмарка трудоустройства «Работа России. Время возможностей»;17 апреля ярмарка пройдет в 42 городах Свердловской области. Вы сможете: Самые крупные площадки: Для гостей с детьми предусмотрены профориентационные уголки для дошкольников, а также дегустационные площадки от местных фермеров и производителей...;1;42;https://dzen.ru/a/ac4ivNpd8zlT9DRO?feed_exp=ordinary_feed&from=channel&integration=yandex&place=more&secdata=CKSIpozVMyABUA9qAQGQAQA%3D&rid=1488197551.1010.1777148792812.62908&;https://dzen.ru/a/ac4ivNpd8zlT9DRO?feed_exp=ordinary_feed&from=channel&rid=1488197551.1010.1777148792812.62908&integration=yandex&place=more&secdata=CKSIpozVMyABUA9qAQGQAQA%3D&#comments_data=p_root;ДЕПАРТАМЕНТ МОЛОДЕЖНОЙ ПОЛИТИКИ СВЕРДЛОВСКОЙ ОБЛАСТИ
native:69ce6284b7e8766f3924587a;3 недели назад;В Екатеринбурге выбрали лучших «пилотов» БПЛА: как прошел финал «Лётчика-снайпера»;в Уральском государственном экономическом университете собрались сильнейшие команды региона, чтобы побороться за звание лучших в финале соревнований по управлению беспилотными летательными аппаратами «Лётчик-снайпер». Мероприятие посвящено памяти Героя России И.О. Родобольского. Соревнования стали площадкой для практики: здесь можно было попробовать себя в деле, понять, как работают современные технологии, и почувствовать командный дух.  «Вы проделали серьёзный путь, продемонстрировали высокий уровень подготовки, выдержку и стремление...;22;202;https://dzen.ru/a/ac5ihLfodm85JFh6?feed_exp=ordinary_feed&from=channel&integration=yandex&place=more&secdata=CLjHy%2FHUMyABUA9qAQGQAQA%3D&rid=1488197551.1010.1777148792812.62908&;https://dzen.ru/a/ac5ihLfodm85JFh6?feed_exp=ordinary_feed&from=channel&rid=1488197551.1010.1777148792812.62908&integration=yandex&place=more&secdata=CLjHy%2FHUMyABUA9qAQGQAQA%3D&#comments_data=p_root;ДЕПАРТАМЕНТ МОЛОДЕЖНОЙ ПОЛИТИКИ СВЕРДЛОВСКОЙ ОБЛАСТИ
native:69ce3cf75fe266521e8039bd;3 недели назад;В Свердловской области собрались талантливые молодые инженеры на финалах олимпиады «Я – профессионал» по четырем техническим направлениям;В УрФУ имени первого Президента России Б. Н. Ельцина завершились заключительные этапы Всероссийской олимпиады студентов «Я – профессионал» (президентская платформа «Россия – страна возможностей»). Участники — бакалавры и магистры из разных регионов — соревновались по направлениям: «Строительство», «Материаловедение и технологии материалов», «Электроника, радиотехника и системы связи», а также «Программная инженерия». Задания максимально приближены к реальным производственным задачам: строители работали...;1;85;https://dzen.ru/a/ac4891_iZlIegDm9?feed_exp=ordinary_feed&from=channel&integration=yandex&place=more&secdata=CK2Q%2F%2BzUMyABUA9qAQGQAQA%3D&rid=1488197551.1010.1777148792812.62908&;https://dzen.ru/a/ac4891_iZlIegDm9?feed_exp=ordinary_feed&from=channel&rid=1488197551.1010.1777148792812.62908&integration=yandex&place=more&secdata=CK2Q%2F%2BzUMyABUA9qAQGQAQA%3D&#comments_data=p_root;ДЕПАРТАМЕНТ МОЛОДЕЖНОЙ ПОЛИТИКИ СВЕРДЛОВСКОЙ ОБЛАСТИ
native:69cce9c01e3bc5048dd6d99a;3 недели назад;Какие возможности открывает Академия «Меганом»?;«Локальные бренды: развитие и продвижение»: Таврида и Росмолодёжь.Предпринимай запустили интенсив для молодых предпринимателей. – онлайн-модуль — с 25 мая по 3 июня – очный этап — с 9 по 15 июля в Академии «Меганом» Подать заявку можно до 19 апреля: clck.ru/3S2uZw. Программа #СВОиМУЗЕИ: возможность разработать концепции и актуальное оформление выставок по теме специальной военной операции с использованием современных решений. Лучшие проекты будут реализованы уже в 2026–2027 годах...;0;43;https://dzen.ru/a/aczpwB47xQSN1tma?feed_exp=ordinary_feed&from=channel&integration=yandex&place=more&secdata=CODPyOTUMyABUA9qAQGQAQA%3D&rid=1488197551.1010.1777148792812.62908&;https://dzen.ru/a/aczpwB47xQSN1tma?feed_exp=ordinary_feed&from=channel&rid=1488197551.1010.1777148792812.62908&integration=yandex&place=more&secdata=CODPyOTUMyABUA9qAQGQAQA%3D&#comments_data=p_root;ДЕПАРТАМЕНТ МОЛОДЕЖНОЙ ПОЛИТИКИ СВЕРДЛОВСКОЙ ОБЛАСТИ
native:69cd071a128ec42684cce99a;3 недели назад;Марафон карьеры в агро;С 1 по 30 апреля образовательная платформа «Я в Агро» проводит большой карьерный марафон. Поучаствовать могут студенты аграрных вузов и колледжей, молодые специалисты агропромышленного комплекса и все, кто хочет разобраться в трудоустройстве и профессиональном развитии...;0;26;https://dzen.ru/a/ac0HGhKOxCaEzOma?feed_exp=ordinary_feed&from=channel&integration=yandex&place=more&secdata=CNjUlMfUMyABUA9qAQGQAQA%3D&rid=1488197551.1010.1777148792812.62908&;https://dzen.ru/a/ac0HGhKOxCaEzOma?feed_exp=ordinary_feed&from=channel&rid=1488197551.1010.1777148792812.62908&integration=yandex&place=more&secdata=CNjUlMfUMyABUA9qAQGQAQA%3D&#comments_data=p_root;ДЕПАРТАМЕНТ МОЛОДЕЖНОЙ ПОЛИТИКИ СВЕРДЛОВСКОЙ ОБЛАСТИ
native:69ccda3ab1a745279ad218c6;3 недели назад;Стартовал конкурс для НКО на право получения субсидии;Департамент внутренней политики Свердловской области объявил о проведении конкурсного отбора некоммерческих неправительственных организаций. Победители получат субсидии из областного бюджета и гранты Президента Российской Федерации...;1;55;https://dzen.ru/a/aczaOrGnRSea0hjG?feed_exp=ordinary_feed&from=channel&integration=yandex&place=more&secdata=CJrm1MHUMyABUA9qAQGQAQA%3D&rid=1488197551.1010.1777148792812.62908&;https://dzen.ru/a/aczaOrGnRSea0hjG?feed_exp=ordinary_feed&from=channel&rid=1488197551.1010.1777148792812.62908&integration=yandex&place=more&secdata=CJrm1MHUMyABUA9qAQGQAQA%3D&#comments_data=p_root;ДЕПАРТАМЕНТ МОЛОДЕЖНОЙ ПОЛИТИКИ СВЕРДЛОВСКОЙ ОБЛАСТИ
native:69cccc68e00cb74375c011f0;4 недели назад;Есть идея, как улучшить свой город или село? Пора её реализовать!;XXIII Всероссийский конкурс «Моя страна – моя Россия» объединяет проекты для развития российских территорий – от деревень до мегаполисов. 12 номинаций на выбор: наука, экология, предпринимательство, развитие территорий и другое! Кто может участвовать? – До 13 лет: специальная детская номинация «Сказки народов моей страны»...;0;27;https://dzen.ru/a/aczMaOAMt0N1wBHw?feed_exp=ordinary_feed&from=channel&integration=yandex&place=more&secdata=COG%2B%2Fb%2FUMyABUA9qAQGQAQA%3D&rid=1488197551.1010.1777148792812.62908&;https://dzen.ru/a/aczMaOAMt0N1wBHw?feed_exp=ordinary_feed&from=channel&rid=1488197551.1010.1777148792812.62908&integration=yandex&place=more&secdata=COG%2B%2Fb%2FUMyABUA9qAQGQAQA%3D&#comments_data=p_root;ДЕПАРТАМЕНТ МОЛОДЕЖНОЙ ПОЛИТИКИ СВЕРДЛОВСКОЙ ОБЛАСТИ
native:69ccb831a0042e4011979acf;4 недели назад;Творчество рождается на «Таврида.АРТ»;Представьте: теплый вечер у моря, сцена, а вокруг – единомышленники. Это не мечты, это реальность фестиваля молодого искусства! Что вас ждет? – Три дня солнца, музыки и вдохновения Выступления звезд и резидентов арт-кластера – Уличные спектакли и кино под открытым небом – Модные маркеты (от новичков до известных брендов)...;0;31;https://dzen.ru/a/acy4MaAELkARl5rP?feed_exp=ordinary_feed&from=channel&integration=yandex&place=more&secdata=CILRw73UMyABUA9qAQGQAQA%3D&rid=1488197551.1010.1777148792812.62908&;https://dzen.ru/a/acy4MaAELkARl5rP?feed_exp=ordinary_feed&from=channel&rid=1488197551.1010.1777148792812.62908&integration=yandex&place=more&secdata=CILRw73UMyABUA9qAQGQAQA%3D&#comments_data=p_root;ДЕПАРТАМЕНТ МОЛОДЕЖНОЙ ПОЛИТИКИ СВЕРДЛОВСКОЙ ОБЛАСТИ
native:69cb9c549de1b850b7ec732b;4 недели назад;Добро в село Свердловской области;В посёлке Студенческий Белоярского района прошел Всероссийский проект волонтёров-медиков. Именно наш регион стал стартовой площадкой проекта в этом году, наша область единственная в России, где «ДоброВСело» реализуется круглогодично. Жители смогли пройти: – анкетирование для выявления факторов риска хронических неинфекционных заболеваний, – диагностику остроты зрения и индивидуальный подбор очковых линз, – ЭКГ для оценки работы сердца, – взятие крови на клинические исследования, – маммографию...;1;39;https://dzen.ru/a/acucVJ3huFC37HMr?feed_exp=ordinary_feed&from=channel&integration=yandex&place=more&secdata=CJLq7ZrUMyABUA9qAQGQAQA%3D&rid=1488197551.1010.1777148792812.62908&;https://dzen.ru/a/acucVJ3huFC37HMr?feed_exp=ordinary_feed&from=channel&rid=1488197551.1010.1777148792812.62908&integration=yandex&place=more&secdata=CJLq7ZrUMyABUA9qAQGQAQA%3D&#comments_data=p_root;ДЕПАРТАМЕНТ МОЛОДЕЖНОЙ ПОЛИТИКИ СВЕРДЛОВСКОЙ ОБЛАСТИ
native:69cb69bbe669ed222c825381;4 недели назад;Свердловчане в числе лучших управленцев здравоохранения!;Первый модуль программы «Лидерство в медицине: стратегическое управление региональными системами здравоохранения» Мастерской управления «Сенеж» (президентская платформа «Россия – страна возможностей») прошёл в Красноярске. Свердловскую область в программе представляют два участника: главный врач Качканарской ЦРБ Валерия Мартемьянова и первый заместитель начальника госпиталя ветеранов войн Андрей Шастин. Всего в первом модуле участвовали 90 руководителей из более чем 20 регионов, отобранных из 1300 кандидатов...;134;142;https://dzen.ru/a/actpu-Zp7SIsglOB?feed_exp=ordinary_feed&from=channel&integration=yandex&place=more&secdata=CJDN3pfUMyABUA9qAQGQAQA%3D&rid=1488197551.1010.1777148792812.62908&;https://dzen.ru/a/actpu-Zp7SIsglOB?feed_exp=ordinary_feed&from=channel&rid=1488197551.1010.1777148792812.62908&integration=yandex&place=more&secdata=CJDN3pfUMyABUA9qAQGQAQA%3D&#comments_data=p_root;ДЕПАРТАМЕНТ МОЛОДЕЖНОЙ ПОЛИТИКИ СВЕРДЛОВСКОЙ ОБЛАСТИ
native:69cb6e0802375f001cf562a9;4 недели назад;Форум «Территория смыслов» обновил программу: стартовал приём заявок на новые смены;В этом году участников ждут три направления: «Единство», «Правда» и «Родина». Каждая смена пройдёт в июле-августе на базе Мастерской управления «Сенеж». В связи с обновлением программы ранее поданные заявки на смену «Родина» были сняты с рассмотрения. Однако все ключевые темы этой смены вошли в обновлённую смену «Правда». Участники, которые планировали участвовать в прежней смене «Родина», могут подать новую заявку и присоединиться к смене «Правда»...;5;89;https://dzen.ru/a/actuCAI3XwAc9WKp?feed_exp=ordinary_feed&from=channel&integration=yandex&place=more&secdata=COfXmZXUMyABUA9qAQGQAQA%3D&rid=1488197551.1010.1777148792812.62908&;https://dzen.ru/a/actuCAI3XwAc9WKp?feed_exp=ordinary_feed&from=channel&rid=1488197551.1010.1777148792812.62908&integration=yandex&place=more&secdata=COfXmZXUMyABUA9qAQGQAQA%3D&#comments_data=p_root;ДЕПАРТАМЕНТ МОЛОДЕЖНОЙ ПОЛИТИКИ СВЕРДЛОВСКОЙ ОБЛАСТИ
native:69cb5df0f34dff64a525e33f;4 недели назад;День Департамента молодежной политики в Камышлове;Заместитель директора Департамента Василий Берсенёв, представитель регионального отделения «Движения первых» Матвей Немировский и председатель Молодежного правительства области Лев Мишин встретились с активистами и специалистами города.  Они также посетили объекты молодёжной инфраструктуры: спортивный пункт «Голиаф», военно-патриотический клуб «Допризывник» и Дом детского творчества. «Одна из основных целей сегодняшней встречи – это обсуждение тех направлений, которые являются приоритетными. Это,...;0;56;https://dzen.ru/a/actd8PNN_2SlJeM_?feed_exp=ordinary_feed&from=channel&integration=yandex&place=more&secdata=CKOQo5PUMyABUA9qAQGQAQA%3D&rid=1488197551.1010.1777148792812.62908&;https://dzen.ru/a/actd8PNN_2SlJeM_?feed_exp=ordinary_feed&from=channel&rid=1488197551.1010.1777148792812.62908&integration=yandex&place=more&secdata=CKOQo5PUMyABUA9qAQGQAQA%3D&#comments_data=p_root;ДЕПАРТАМЕНТ МОЛОДЕЖНОЙ ПОЛИТИКИ СВЕРДЛОВСКОЙ ОБЛАСТИ
native:69ca5f74b58d5f0c3ed16be1;4 недели назад;Свердловская область укрепляет международное и межрегиональное молодежное сотрудничество: состоялся телемост с подшефным округом Тельманово;В рамках развития дружественных связей и обмена опытом в сфере молодежной политики состоялся телемост между молодежью Свердловской областью Тельмановским муниципальным округом Донецкой Народной Республики. Онлайн-встреча объединила активистов, лидеров общественных движений и представителей органов власти двух регионов. Главной целью встречи стали обсуждения совместных возможностей реализации молодежной политики, а также укрепление партнерских связей между молодежными сообществами. «Мы не первый раз...;0;107;https://dzen.ru/a/acpfdLWNXww-0Wvh?feed_exp=ordinary_feed&from=channel&integration=yandex&place=more&secdata=COz2iPbTMyABUA9qAQGQAQA%3D&rid=1488197551.1010.1777148792812.62908&;https://dzen.ru/a/acpfdLWNXww-0Wvh?feed_exp=ordinary_feed&from=channel&rid=1488197551.1010.1777148792812.62908&integration=yandex&place=more&secdata=COz2iPbTMyABUA9qAQGQAQA%3D&#comments_data=p_root;ДЕПАРТАМЕНТ МОЛОДЕЖНОЙ ПОЛИТИКИ СВЕРДЛОВСКОЙ ОБЛАСТИ
native:69ca64bcea0e921033f56671;4 недели назад;Ваш шанс стать лучшим добровольцем года!;Уральский государственный педагогический университет запускает конкурс «Лучший доброволец – 2026». Это возможность заявить о себе, своих добрых делах и прокачать навыки организации мероприятий, публичных выступлений и самопрезентаций. Принять участие могут обучающиеся школ, колледжей и вузов (1–5 курс бакалавриата или магистратуры) от 14 до 35 лет из Свердловской области, если вы не становились абсолютным победителем конкурса за последние 2 года. Три номинации: 1. «Лучший доброволец. Школа» – для учеников среднего общего образования...;1;89;https://dzen.ru/a/acpkvOoOkhAz9WZx?feed_exp=ordinary_feed&from=channel&integration=yandex&place=more&secdata=COWY6vTTMyABUA9qAQGQAQA%3D&rid=1488197551.1010.1777148792812.62908&;https://dzen.ru/a/acpkvOoOkhAz9WZx?feed_exp=ordinary_feed&from=channel&rid=1488197551.1010.1777148792812.62908&integration=yandex&place=more&secdata=COWY6vTTMyABUA9qAQGQAQA%3D&#comments_data=p_root;ДЕПАРТАМЕНТ МОЛОДЕЖНОЙ ПОЛИТИКИ СВЕРДЛОВСКОЙ ОБЛАСТИ
native:69ca4fa24a9cde5c993df96b;4 недели назад;Трое свердловчан стали частью первой встречи амбассадоров арт-кластера «Таврида.АРТ»;Кирилл Давыдов, Елизавета Кузьминых и Александра Швайгерт из Свердловской области стали амбассадорами фестиваля «Таврида» и с 26 по 29 марта на территории Академии творческих индустрий «Меганом» приняли участие в первой региональной встрече. Они первыми будут делиться возможностями, расскажут о программах, фестивале и сообществе в нашем регионе. Покажут закулисье, жизнь площадки и всё, чем живёт «Таврида». Амбассадоры станут проводниками для тех, кто хочет попасть на заезды, участвовать в грантовых конкурсах и находить единомышленников...;1;73;https://dzen.ru/a/acpPokqc3lyZPflr?feed_exp=ordinary_feed&from=channel&integration=yandex&place=more&secdata=CP7cn%2FLTMyABUA9qAQGQAQA%3D&rid=1488197551.1010.1777148792812.62908&;https://dzen.ru/a/acpPokqc3lyZPflr?feed_exp=ordinary_feed&from=channel&rid=1488197551.1010.1777148792812.62908&integration=yandex&place=more&secdata=CP7cn%2FLTMyABUA9qAQGQAQA%3D&#comments_data=p_root;ДЕПАРТАМЕНТ МОЛОДЕЖНОЙ ПОЛИТИКИ СВЕРДЛОВСКОЙ ОБЛАСТИ
native:69c6536946a33564b3c87b86;4 недели назад;Стартует приём заявок на IV Большую Финансовую Игру Клуба Веселых Финансистов;С 30 марта по 10 апреля открыта заявочная кампания на участие в IV Большой Финансовой Игре Клуба Веселых Финансистов, на которой будут учиться эффективно управлять финансами, развивать креативное мышление и работать в команде Проект реализуется в рамках национальных целей развития России до 2030 года и Стратегии повышения финансовой грамотности. Принять участие могут команды образовательных организаций, молодёжных и общественных объединений Свердловской области...;0;41;https://dzen.ru/a/acZTaUajNWSzyHuG?feed_exp=ordinary_feed&from=channel&integration=yandex&place=more&secdata=CN3lounTMyABUA9qAQGQAQA%3D&rid=1488197551.1010.1777148792812.62908&;https://dzen.ru/a/acZTaUajNWSzyHuG?feed_exp=ordinary_feed&from=channel&rid=1488197551.1010.1777148792812.62908&integration=yandex&place=more&secdata=CN3lounTMyABUA9qAQGQAQA%3D&#comments_data=p_root;ДЕПАРТАМЕНТ МОЛОДЕЖНОЙ ПОЛИТИКИ СВЕРДЛОВСКОЙ ОБЛАСТИ
native:69c66ae613412e07d8d1b71b;1 месяц назад;Свердловчанин на флагманской встрече «Росмолодёжь.Предпринимай»;В Доброграде проходит флагманская встреча сообщества «Росмолодёжь.Предпринимай», в программе которой дискуссии с экспертами, работа в командах, открытый микрофон и личные консультации со спикерами. Мероприятие объединяет сильных и энергичных участников, среди которых – свердловчанин Виталий Тихонов, региональный лидер сообщества «Росмолодёжь.Предпринимай» в Свердловской области. Виталий родом из Красноуральска, сейчас развивает проекты в Екатеринбурге. «Флагманская встреча в Доброграде — это особая атмосфера концентрации сильных и заряженных людей...;4;87;https://dzen.ru/a/acZq5hNBLgfY0bcb?feed_exp=ordinary_feed&from=channel&integration=yandex&place=more&secdata=CP7iyvjSMyABUA9qAQGQAQA%3D&rid=1488197551.1010.1777148792812.62908&;https://dzen.ru/a/acZq5hNBLgfY0bcb?feed_exp=ordinary_feed&from=channel&rid=1488197551.1010.1777148792812.62908&integration=yandex&place=more&secdata=CP7iyvjSMyABUA9qAQGQAQA%3D&#comments_data=p_root;ДЕПАРТАМЕНТ МОЛОДЕЖНОЙ ПОЛИТИКИ СВЕРДЛОВСКОЙ ОБЛАСТИ
native:69c66156625cc94c4ca2f416;1 месяц назад;Свердловская область вошла в число 20 регионов-лидеров по числу заявок, поданных на шестой сезон проекта «Твой Ход»;Завершилась заявочная кампания Всероссийского студенческого проекта «Твой Ход». Всего от участников со всей страны поступило более 32 тысяч заявок. В Свердловской области 753 студента уже готовятся приступить к выполнению конкурсных заданий, чтобы реализовать свои идеи, развить лидерские качества и открыть новые профессиональные горизонты. В шестом сезоне проекта участники могли выбрать один из пяти треков: «Делаю», «Твой Ход, староста!», «Вдохновляю», «Определяю» и «Открываю». Каждый из них даёт...;1;224;https://dzen.ru/a/acZhVmJcyUxMovQW?feed_exp=ordinary_feed&from=channel&integration=yandex&place=more&secdata=CPyGu%2FfSMyABUA9qAQGQAQA%3D&rid=1488197551.1010.1777148792812.62908&;https://dzen.ru/a/acZhVmJcyUxMovQW?feed_exp=ordinary_feed&from=channel&rid=1488197551.1010.1777148792812.62908&integration=yandex&place=more&secdata=CPyGu%2FfSMyABUA9qAQGQAQA%3D&#comments_data=p_root;ДЕПАРТАМЕНТ МОЛОДЕЖНОЙ ПОЛИТИКИ СВЕРДЛОВСКОЙ ОБЛАСТИ
native:69c65d55f1e51341bfa9d393;1 месяц назад;В Екатеринбурге завершилась первая смена образовательной лаборатории «Урал добрых дел»;27 марта в Свердловской областной универсальной научной библиотеке им. В. Г. Белинского состоялось закрытие первой смены «Поколение добра» образовательной лаборатории «Урал добрых дел». Организатором выступил «Региональный молодёжный центр» при поддержке Департамента молодежной политики Свердловской области. Лаборатория создана для развития навыков добровольчества, поддержки инициатив и привлечения людей разных возрастов к волонтёрской и социально значимой деятельности в регионе. Программа смен объединила образовательные, практические и конкурсные блоки...;0;86;https://dzen.ru/a/acZdVfHlE0G_qdOT?feed_exp=ordinary_feed&from=channel&integration=yandex&place=more&secdata=CL6j%2B%2FbSMyABUA9qAQGQAQA%3D&rid=1488197551.1010.1777148792812.62908&;https://dzen.ru/a/acZdVfHlE0G_qdOT?feed_exp=ordinary_feed&from=channel&rid=1488197551.1010.1777148792812.62908&integration=yandex&place=more&secdata=CL6j%2B%2FbSMyABUA9qAQGQAQA%3D&#comments_data=p_root;ДЕПАРТАМЕНТ МОЛОДЕЖНОЙ ПОЛИТИКИ СВЕРДЛОВСКОЙ ОБЛАСТИ
native:69c65284a3ef4e18fbff1927;1 месяц назад;Урал принимает финалы олимпиады «Я – профессионал» по инженерным и техническим дисциплинам;Почти 200 участников из Свердловской области примут участие в олимпиаде. С 28 по 29 марта в Уральском федеральном университете пройдут интеллектуальные состязания по направлениям: – «Материаловедение и технологии материалов» – производственные кейсы на основе задач предприятий машиностроения. – «Строительство» – работа с чертежами и проектной документацией...;0;34;https://dzen.ru/a/acZShKPvThj7_xkn?feed_exp=ordinary_feed&from=channel&integration=yandex&place=more&secdata=CIfCzPXSMyABUA9qAQGQAQA%3D&rid=1488197551.1010.1777148792812.62908&;https://dzen.ru/a/acZShKPvThj7_xkn?feed_exp=ordinary_feed&from=channel&rid=1488197551.1010.1777148792812.62908&integration=yandex&place=more&secdata=CIfCzPXSMyABUA9qAQGQAQA%3D&#comments_data=p_root;ДЕПАРТАМЕНТ МОЛОДЕЖНОЙ ПОЛИТИКИ СВЕРДЛОВСКОЙ ОБЛАСТИ
